2020-11-04,128259
2020-11-07,103723
2020-11-06,85178
2020-11-05,70857
2020-11-03,67287
2020-11-08,57430
2020-10-23,49353
2020-11-02,45427
2020-11-01,30574
2020-10-16,24958
2020-10-28,24628
2020-10-27,22982
2020-10-30,22913
2020-10-31,22441
2020-10-26,22289
2020-10-22,22084
2020-10-29,22051
2020-10-21,20500
2020-10-19,19944
2020-10-20,19053
2020-10-24,19009
2020-10-15,18135
2020-10-18,17480
2020-10-25,17405
2020-10-17,16958
Visualizin,115
Saved by,65
canale You,32
Love life,16
Merkelgegn,8
Ã  ne suivr,6
PANAMASOT,4
HateN on O,3
\"\",3
they are a,3
#trumpquot,2
de la Uni,2
Prima Pens,2
#MAGA #Ame,2
El progre,2
In God we,2
Follow  &g,1
\"\",1
reside saf,1
#partyatth,1
Keep loves,1
Lucknow,1
. Todo es,1
Philadelph,1
non uscir,1
#Atheist-N,1
FÄ±rsatÄ± Ka,1
Online sho,1
MasteurisÃ©,1
"-\"",1
Amo a mi P,1
i wonder w,1
ARD / HÃ¶rf,1
gloria del,1
Regio Zwol,1
~~Socrates,1
PapÃ¡ de,1
"Heath\"",1
#Entertain,1
ğŸ˜‹ ğŸ˜† #elec,1
Green Gabl,1
https://t.,1
Dhaka,1
#peraforex,1
are you re,0
1 dÃ­a p/ H,0
"á˜‡á“†gÈ·Ì‡È·á“„\"",0
new fac,0
rip i,0
#BidenHarr,0
",50.640280",0
It's okay,0
ĞĞµ Ğ±Ğ¾ÑÑÑŒ Ğ´,0
thorn,0
my home my,0
1446 WC  P,0
",,,Los Ang",0
â•‘â–ˆâ–ˆâ•‘ ..,0
626 Hebron,0
",40.712728",0
the bedroo,0
#Election2,0
"\"",0
". \"",0
"\"",0
get lif,0
http://bit,0
I'm takin',0
'cause t,0
"2  \"",0
â•šâ•â• â™ªHi,0
"05.10.18 \"",0
hey kids!,0
`Â·.Â bangta,0
\"\",0
cookin' in,0
way i'm ju,0
switchin',0
Ğ—Ğ´ĞµÑÑŒ Ğ¸ Ñ‚Ğ°,0
1,0
"U. S. A\"",0
2Itzy,0
are you th,0
"'    !\"",0
The Nether,0
so i gotta,0
",45.989658",0
â•‘Â¨oÂ·â•‘*â™ª,0
",40.737598",0
nessun in,0
",51.507321",0
ß·,0
Beat down!,0
heather HE,0
Ğ’ÑĞµ Ñ€Ğ°Ğ²Ğ½Ğ¾,0
",31.816038",0
#NSA,0
promise,0
"\"",0
SEGUROS.,0
I'll tell,0
"Ä€ryÄvarta\"",0
"()\"",0
"\"",0
just,0
Letâ€™s go R,0
Ooh,0
pretty,0
52 Cyberci,0
#KingdomW,0
Reparation,0
",52.374477",0
? ?,0
Republic o,0
@ttbangtee,0
how you fe,0
2,0
"Berlin\"",0
